{
    "t": [
        1710979200
    ],
    "o": [
        6000.000000
    ],
    "h": [
        6190.000000
    ],
    "l": [
        5960.000000
    ],
    "c": [
        6130.000000
    ],
    "v": [
        1248600.0
    ],
    "s": "ok"
}